Patient ID	Sample ID	Cancer Studies	Cancer Type Detailed	Copy Number	Gene Expression Subtype	Hyper-mutated	MLH1 Silencing	MRNA Data	MSI Status	Methylation Data	Methylation Subtype	Overall Survival (Months)	Overall Survival Status	Person Gender	Primary Tumor Pathologic Spread	Primary Tumor Site	Sequenced	Tumor Other Histologic Subtype	Tumor Stage 2009	iCluster
TCGA-A6-2670	TCGA-A6-2670-01	coadread_tcga_pub	Colon Adenocarcinoma	1	CIN	0	0	1	MSS	1	Cluster3			MALE	T3	3 - left colon	1	Sigmoid Colon	Stage IIA	1
TCGA-A6-2677	TCGA-A6-2677-01	coadread_tcga_pub	Colon Adenocarcinoma	1	CIN	0	0	1	MSS	1	Cluster3	17.77	LIVING	FEMALE	T3	1 - right colon	1	Cecum	Stage IIIC	1
TCGA-AA-3524	TCGA-AA-3524-01	coadread_tcga_pub	Colon Adenocarcinoma	1	Invasive	0	0	1	MSS	1	Cluster4	0	LIVING	MALE	T3	3 - left colon	1	Sigmoid Colon	Stage IIA	1
TCGA-AA-3529	TCGA-AA-3529-01	coadread_tcga_pub	Colon Adenocarcinoma	1	CIN	0	0	1	MSI-L	1	Cluster4	0	DECEASED	FEMALE	T3	3 - left colon	1	Sigmoid Colon	Stage IIIC	1
TCGA-AA-3532	TCGA-AA-3532-01	coadread_tcga_pub	Colon Adenocarcinoma	1	MSI/CIMP	0	0	1	MSS	1	Cluster4	0	LIVING	MALE	T3	3 - left colon	1	Sigmoid Colon	Stage IIA	1
TCGA-AA-3538	TCGA-AA-3538-01	coadread_tcga_pub	Colon Adenocarcinoma	1	CIN	0	0	1	MSS	1	Cluster4	0	LIVING	FEMALE	T2	3 - left colon	1	Descending Colon	Stage I	1
TCGA-AA-3544	TCGA-AA-3544-01	coadread_tcga_pub	Colon Adenocarcinoma	1	CIN	0	0	1	MSS	1	Cluster3	0	LIVING	MALE	T2	3 - left colon	1	Sigmoid Colon	Stage I	1
TCGA-AA-3552	TCGA-AA-3552-01	coadread_tcga_pub	Colon Adenocarcinoma	1	Invasive	0	0	1	MSS	1	Cluster3	0	LIVING	MALE	T3	1 - right colon	1	Cecum	Stage IIIC	1
TCGA-AA-3553	TCGA-AA-3553-01	coadread_tcga_pub	Colon Adenocarcinoma	1	CIN	0	0	1	MSI-L	1	Cluster4	0	LIVING	FEMALE	T2	3 - left colon	1	Sigmoid Colon	Stage I	1
TCGA-AA-3562	TCGA-AA-3562-01	coadread_tcga_pub	Colon Adenocarcinoma	1	CIN	0	0	1	MSS	1	Cluster3	1.02	LIVING	MALE	T3	3 - left colon	1	Descending Colon	Stage IIIC	1
TCGA-AA-3667	TCGA-AA-3667-01	coadread_tcga_pub	Colon Adenocarcinoma	1	CIN	0	0	1	MSI-L	1	Cluster4	0	LIVING	FEMALE	T2	3 - left colon	1	Sigmoid Colon	Stage I	1
TCGA-AA-3673	TCGA-AA-3673-01	coadread_tcga_pub	Colon Adenocarcinoma	1	Invasive	0	0	1	MSS	1	CIMP.L	0	LIVING	FEMALE	T3	2 - transverse colon	1	Transverse Colon	Stage IIA	1
TCGA-AA-3678	TCGA-AA-3678-01	coadread_tcga_pub	Colon Adenocarcinoma	1	CIN	0	0	1	MSS	1	Cluster4	0	LIVING	FEMALE	T2	3 - left colon	1	Sigmoid Colon	Stage IIIA	1
TCGA-AA-3692	TCGA-AA-3692-01	coadread_tcga_pub	Colorectal Cancer	1	Invasive	0	0	1	MSI-L	1	Cluster4	0	LIVING	FEMALE	T3	3 - left colon	1	Splenic Flexure	Stage IV	1
TCGA-AA-3842	TCGA-AA-3842-01	coadread_tcga_pub	Colon Adenocarcinoma	1	MSI/CIMP	0	0	1	MSS	1	CIMP.L	1.02	LIVING	MALE	T2	3 - left colon	1	Sigmoid Colon	Stage IIIA	1
TCGA-AA-3851	TCGA-AA-3851-01	coadread_tcga_pub	Colon Adenocarcinoma	1	Invasive	0	0	1	MSS	1	Cluster3	0	LIVING	MALE	T3	1 - right colon	1	Ascending Colon	Stage IIA	1
TCGA-AA-3856	TCGA-AA-3856-01	coadread_tcga_pub	Colon Adenocarcinoma	1	Invasive	0	0	1	MSS	1	Cluster4	0	LIVING	MALE	T3	3 - left colon	1	Sigmoid Colon	Stage IIA	1
TCGA-AA-3858	TCGA-AA-3858-01	coadread_tcga_pub	Colon Adenocarcinoma	1	CIN	0	0	1	MSS	1	Cluster3	0	LIVING	MALE	T2	3 - left colon	1	Sigmoid Colon	Stage I	1
TCGA-AA-3869	TCGA-AA-3869-01	coadread_tcga_pub	Colon Adenocarcinoma	1	Invasive	0	0	1	MSS	1	Cluster4	0	LIVING	MALE		1 - right colon	1	Cecum	Stage IV	1
TCGA-AA-3872	TCGA-AA-3872-01	coadread_tcga_pub	Colon Adenocarcinoma	1	MSI/CIMP	0	0	1	MSS	1	Cluster4	0	LIVING	MALE		3 - left colon	1	Sigmoid Colon	Stage IV	1
TCGA-AA-3956	TCGA-AA-3956-01	coadread_tcga_pub	Colon Adenocarcinoma	1	CIN	0	0	1	MSS	1	Cluster3	0	LIVING	MALE	T3	1 - right colon	1	Cecum	Stage IIA	1
TCGA-AA-3971	TCGA-AA-3971-01	coadread_tcga_pub	Colon Adenocarcinoma	1	CIN	0	0	1	MSS	1	Cluster4	0	LIVING	MALE	T3	3 - left colon	1	Sigmoid Colon	Stage IIIB	1
TCGA-AA-3975	TCGA-AA-3975-01	coadread_tcga_pub	Colon Adenocarcinoma	1	CIN	0	0	1	MSS	1	Cluster4	0.99	LIVING	MALE	T2	3 - left colon	1	Sigmoid Colon	Stage I	1
TCGA-AA-3976	TCGA-AA-3976-01	coadread_tcga_pub	Colon Adenocarcinoma	1	CIN	0	0	1	MSS	1	Cluster3	0	LIVING	MALE	T2	3 - left colon	1	Sigmoid Colon	Stage IIIA	1
TCGA-AA-3979	TCGA-AA-3979-01	coadread_tcga_pub	Colon Adenocarcinoma	1	Invasive	0	0	1	MSS	1	CIMP.L	0	LIVING	MALE	T3	3 - left colon	1	Sigmoid Colon	Stage IIA	1
TCGA-AA-A004	TCGA-AA-A004-01	coadread_tcga_pub	Colon Adenocarcinoma	1	MSI/CIMP	0	0	1	MSI-L	1	CIMP.L	13.93	LIVING	MALE	T3	3 - left colon	1	Sigmoid Colon	Stage IIA	1
TCGA-AA-A00D	TCGA-AA-A00D-01	coadread_tcga_pub	Colon Adenocarcinoma	1	MSI/CIMP	0	0	1	MSS	1	CIMP.H	18.99	LIVING	MALE	T2	1 - right colon	1	Ascending Colon	Stage I	1
TCGA-AA-A00U	TCGA-AA-A00U-01	coadread_tcga_pub	Colon Adenocarcinoma	1	Invasive	0	0	1	MSS	1	CIMP.L	16.99	LIVING	MALE	T3	1 - right colon	1	Ascending Colon	Stage IIIB	1
TCGA-AA-A017	TCGA-AA-A017-01	coadread_tcga_pub	Colon Adenocarcinoma	1	CIN	0	0	1	MSS	1	Cluster4	15.01	LIVING	FEMALE	T3	3 - left colon	1	Sigmoid Colon	Stage IIA	1
TCGA-AA-A01G	TCGA-AA-A01G-01	coadread_tcga_pub	Colorectal Cancer	1	Invasive	0	0	1	MSI-L	1	CIMP.L	11.99	LIVING	MALE	T3	1 - right colon	1	Cecum	Stage IIA	1
TCGA-AA-A01K	TCGA-AA-A01K-01	coadread_tcga_pub	Colon Adenocarcinoma	1	MSI/CIMP	0	0	1	MSS	1	Cluster3	13.01	LIVING	FEMALE	T3	3 - left colon	1	Sigmoid Colon	Stage IIIC	1
TCGA-AA-A02J	TCGA-AA-A02J-01	coadread_tcga_pub	Colon Adenocarcinoma	1	CIN	0	0	1	MSS	1	Cluster4	5.03	DECEASED	FEMALE	T3	3 - left colon	1	Sigmoid Colon	Stage IV	1
TCGA-AA-A02W	TCGA-AA-A02W-01	coadread_tcga_pub	Colon Adenocarcinoma	1	CIN	0	0	1	MSI-L	1	Cluster4	40.94	LIVING	FEMALE	T2	3 - left colon	1	Sigmoid Colon	Stage I	1
TCGA-AF-3913	TCGA-AF-3913-01	coadread_tcga_pub	Rectal Adenocarcinoma	1	CIN	0	0	1	MSS	1	Cluster4	10.38	DECEASED	MALE	T3	4 - rectum	1	Rectosigmoid Junction	Stage IV	1
TCGA-AG-3582	TCGA-AG-3582-01	coadread_tcga_pub	Rectal Adenocarcinoma	1	CIN	0	0	1	MSS	1	Cluster4	1.02	LIVING	MALE	T3	4 - rectum	1	Rectum	Stage IV	1
TCGA-AG-3584	TCGA-AG-3584-01	coadread_tcga_pub	Rectal Adenocarcinoma	1	CIN	0	0	1	MSS	1	CIMP.L	0	LIVING	MALE	T3	4 - rectum	1	Rectum	Stage IV	1
TCGA-AG-3587	TCGA-AG-3587-01	coadread_tcga_pub	Rectal Adenocarcinoma	1	Invasive	0	0	1	MSS	1	Cluster4	1.02	LIVING	MALE	T2	4 - rectum	1	Rectum	Stage I	1
TCGA-AG-3598	TCGA-AG-3598-01	coadread_tcga_pub	Rectal Adenocarcinoma	1	Invasive	0	0	1	MSS	1	CIMP.L	0	LIVING	MALE	T3	4 - rectum	1	Rectum	Stage IIA	1
TCGA-AG-3600	TCGA-AG-3600-01	coadread_tcga_pub	Rectal Adenocarcinoma	1	MSI/CIMP	0	0	1	MSS	1	CIMP.H	0	LIVING	MALE	T3	4 - rectum	1	Rectum	Stage IIIC	1
TCGA-AG-3601	TCGA-AG-3601-01	coadread_tcga_pub	Rectal Adenocarcinoma	1	CIN	0	0	1	MSI-L	1	Cluster4	0	LIVING	MALE		4 - rectum	1	Rectum	Stage IIIB	1
TCGA-AG-3612	TCGA-AG-3612-01	coadread_tcga_pub	Rectal Adenocarcinoma	1	CIN	0	0	1	MSS	1	Cluster4	0	LIVING	FEMALE	T3	4 - rectum	1	Rectum	Stage IIIB	1
TCGA-AG-3726	TCGA-AG-3726-01	coadread_tcga_pub	Rectal Adenocarcinoma	1	CIN	0	0	1	MSS	1	Cluster3	1.02	LIVING	FEMALE	T2	4 - rectum	1	Rectum	Stage I	1
TCGA-AG-3883	TCGA-AG-3883-01	coadread_tcga_pub	Rectal Adenocarcinoma	1	MSI/CIMP	0	0	1	MSS	1	Cluster3	0	LIVING	MALE	T2	4 - rectum	1	Rectum	Stage I	1
TCGA-AG-3887	TCGA-AG-3887-01	coadread_tcga_pub	Colorectal Cancer	1	CIN	0	0	1	MSS	1	Cluster4	0.92	LIVING	MALE	T3	4 - rectum	1	Rectum	Stage IIA	1
TCGA-AG-3999	TCGA-AG-3999-01	coadread_tcga_pub	Rectal Adenocarcinoma	1	CIN	0	0	1	MSS	1	Cluster3			FEMALE	T3	4 - rectum	1	Rectum	Stage IIIC	1
TCGA-AG-4005	TCGA-AG-4005-01	coadread_tcga_pub	Rectal Adenocarcinoma	1	CIN	0	0	1	MSS	1	Cluster3	0	LIVING	MALE	T3	4 - rectum	1	Rectum	Stage IV	1
TCGA-AG-4008	TCGA-AG-4008-01	coadread_tcga_pub	Rectal Adenocarcinoma	1	CIN	0	0	1	MSS	1	Cluster3	1.02	LIVING	MALE	T3	4 - rectum	1	Rectum	Stage IIA	1
TCGA-AG-4015	TCGA-AG-4015-01	coadread_tcga_pub	Rectal Adenocarcinoma	1	CIN	0	0	1	MSS	1	Cluster4	0	LIVING	FEMALE	T3	4 - rectum	1	Rectum	Stage IIA	1
TCGA-AG-A00H	TCGA-AG-A00H-01	coadread_tcga_pub	Rectal Adenocarcinoma	1	Invasive	0	0	1	MSS	1	Cluster4	25.92	LIVING	MALE	T3	4 - rectum	1	Rectum	Stage IIA	1
TCGA-AG-A011	TCGA-AG-A011-01	coadread_tcga_pub	Rectal Adenocarcinoma	1	Invasive	0	0	1	MSS	1	CIMP.L	17.02	LIVING	MALE	T3	4 - rectum	1	Rectum	Stage IIA	1
TCGA-AG-A014	TCGA-AG-A014-01	coadread_tcga_pub	Rectal Adenocarcinoma	1	CIN	0	0	1	MSS	1	Cluster4	15.9	LIVING	MALE	T2	4 - rectum	1	Rectum	Stage I	1
TCGA-AG-A016	TCGA-AG-A016-01	coadread_tcga_pub	Rectal Adenocarcinoma	1	CIN	0	0	1	MSS	1	Cluster3	1.02	LIVING	MALE	T3	4 - rectum	1	Rectum	Stage IV	1
TCGA-AY-4070	TCGA-AY-4070-01	coadread_tcga_pub	Colon Adenocarcinoma	1	CIN	0	0	1	MSS	1	Cluster3	16.3	DECEASED	FEMALE	T3	1 - right colon	1	Cecum	Stage IIIC	1
TCGA-AA-A01S	TCGA-AA-A01S-01	coadread_tcga_pub	Colon Adenocarcinoma	1		0	1	0	MSI-L	1	Cluster4	1.02	LIVING	FEMALE	T3	3 - left colon	1	Sigmoid Colon	Stage IIIB	1
TCGA-AA-A01Z	TCGA-AA-A01Z-01	coadread_tcga_pub	Colon Adenocarcinoma	1		0	0	0	MSS	1	CIMP.L	20.96	LIVING	MALE	T3	1 - right colon	1	Ascending Colon	Stage IIA	1
TCGA-AG-A026	TCGA-AG-A026-01	coadread_tcga_pub	Rectal Adenocarcinoma	1		0	0	0	MSS	1	Cluster3	1.94	DECEASED	MALE		4 - rectum	1	Rectum		1
TCGA-A6-2683	TCGA-A6-2683-01	coadread_tcga_pub	Colon Adenocarcinoma	1	CIN	0	0	1	MSI-L	1	CIMP.L	15.51	LIVING	MALE		1 - right colon	1	Ascending Colon	Stage IV	3
TCGA-A6-3807	TCGA-A6-3807-01	coadread_tcga_pub	Colon Adenocarcinoma	1	MSI/CIMP	0	0	1	MSS	1	Cluster4	10.91	LIVING	FEMALE	T3	3 - left colon	1	Sigmoid Colon	Stage IIIC	3
TCGA-AA-3517	TCGA-AA-3517-01	coadread_tcga_pub	Colon Adenocarcinoma	1	CIN	0	0	1	MSI-L	1	Cluster4	0	LIVING	MALE	T3	3 - left colon	1	Splenic Flexure	Stage IIA	3
TCGA-AA-3519	TCGA-AA-3519-01	coadread_tcga_pub	Colon Adenocarcinoma	1	CIN	0	0	1	MSS	1	Cluster3	0	LIVING	MALE	T3	4 - rectum	1	Rectosigmoid Junction	Stage IIIB	3
TCGA-AA-3521	TCGA-AA-3521-01	coadread_tcga_pub	Colon Adenocarcinoma	1	CIN	0	0	1	MSS	1	Cluster3	0	LIVING	MALE	T3	3 - left colon	1	Sigmoid Colon	Stage IIA	3
TCGA-AA-3530	TCGA-AA-3530-01	coadread_tcga_pub	Colon Adenocarcinoma	1	CIN	0	0	1	MSS	1	Cluster4	0	LIVING	MALE	T2	1 - right colon	1	Cecum	Stage I	3
TCGA-AA-3531	TCGA-AA-3531-01	coadread_tcga_pub	Colon Adenocarcinoma	1	CIN	0	0	1	MSI-L	1	Cluster4	0	LIVING	FEMALE	T3	3 - left colon	1	Sigmoid Colon	Stage IIA	3
TCGA-AA-3549	TCGA-AA-3549-01	coadread_tcga_pub	Colon Adenocarcinoma	1	CIN	0	0	1	MSS	1	CIMP.L	0	LIVING	MALE	T2	1 - right colon	1	Cecum	Stage I	3
TCGA-AA-3560	TCGA-AA-3560-01	coadread_tcga_pub	Colon Adenocarcinoma	1	CIN	0	0	1	MSS	1	Cluster3	0	LIVING	FEMALE	T3	3 - left colon	1	Sigmoid Colon	Stage IIIC	3
TCGA-AA-3561	TCGA-AA-3561-01	coadread_tcga_pub	Colon Adenocarcinoma	1	Invasive	0	0	1	MSS	1	Cluster3	0	LIVING	MALE	T3	1 - right colon	1	Ascending Colon	Stage IIA	3
TCGA-AA-3666	TCGA-AA-3666-01	coadread_tcga_pub	Colon Adenocarcinoma	1	Invasive	0	0	1	MSS	1	Cluster4	2	DECEASED	MALE	T3	1 - right colon	1	Cecum	Stage IIIB	3
TCGA-AA-3679	TCGA-AA-3679-01	coadread_tcga_pub	Colon Adenocarcinoma	1	CIN	0	0	1	MSS	1	Cluster4	0.99	LIVING	MALE	T3	3 - left colon	1	Descending Colon	Stage IV	3
TCGA-AA-3688	TCGA-AA-3688-01	coadread_tcga_pub	Colon Adenocarcinoma	1	CIN	0	0	1	MSI-L	1	Cluster4	0	LIVING	MALE	T3	3 - left colon	1	Sigmoid Colon	Stage IV	3
TCGA-AA-3693	TCGA-AA-3693-01	coadread_tcga_pub	Colon Adenocarcinoma	1	CIN	0	0	1	MSS	1	Cluster4	0	LIVING	FEMALE		3 - left colon	1	Sigmoid Colon	Stage IV	3
TCGA-AA-3814	TCGA-AA-3814-01	coadread_tcga_pub	Colon Adenocarcinoma	1	MSI/CIMP	0	0	1	MSS	1	Cluster3	0	LIVING	FEMALE	T3	1 - right colon	1	Ascending Colon	Stage IIA	3
TCGA-AA-3819	TCGA-AA-3819-01	coadread_tcga_pub	Colon Adenocarcinoma	1	CIN	0	0	1	MSI-L	1	Cluster3	0	LIVING	FEMALE	T3	3 - left colon	1	Sigmoid Colon	Stage IIA	3
TCGA-AA-3846	TCGA-AA-3846-01	coadread_tcga_pub	Colon Adenocarcinoma	1	CIN	0	0	1	MSS	1	Cluster3	0.99	LIVING	FEMALE	T3	3 - left colon	1	Sigmoid Colon	Stage IIA	3
TCGA-AA-3848	TCGA-AA-3848-01	coadread_tcga_pub	Colon Adenocarcinoma	1	CIN	0	0	1	MSS	1	CIMP.L	0.99	LIVING	FEMALE	T3	3 - left colon	1	Sigmoid Colon	Stage IIIC	3
TCGA-AA-3855	TCGA-AA-3855-01	coadread_tcga_pub	Colon Adenocarcinoma	1	Invasive	0	0	1	MSI-L	1	CIMP.L	0	LIVING	MALE	T2	3 - left colon	1	Sigmoid Colon	Stage I	3
TCGA-AA-3860	TCGA-AA-3860-01	coadread_tcga_pub	Colon Adenocarcinoma	1	MSI/CIMP	0	0	1	MSS	1	Cluster4	0	LIVING	FEMALE	T3	3 - left colon	1	Sigmoid Colon	Stage IIIB	3
TCGA-AA-3866	TCGA-AA-3866-01	coadread_tcga_pub	Colon Adenocarcinoma	1	MSI/CIMP	0	0	1	MSI-L	1	Cluster3	0	LIVING	FEMALE	T2	1 - right colon	1	Cecum	Stage I	3
TCGA-AA-3955	TCGA-AA-3955-01	coadread_tcga_pub	Colon Adenocarcinoma	1	CIN	0	0	1	MSS	1	Cluster4	0	LIVING	MALE	T2	3 - left colon	1	Descending Colon	Stage IIIB	3
TCGA-AA-3972	TCGA-AA-3972-01	coadread_tcga_pub	Colon Adenocarcinoma	1	CIN	0	0	1	MSI-L	1	CIMP.L	0	LIVING	MALE	T3	3 - left colon	1	Sigmoid Colon	Stage IV	3
TCGA-AA-3973	TCGA-AA-3973-01	coadread_tcga_pub	Colon Adenocarcinoma	1	CIN	0	0	1	MSI-L	1	Cluster4	0	LIVING	MALE		3 - left colon	1	Sigmoid Colon	Stage IV	3
TCGA-AA-3989	TCGA-AA-3989-01	coadread_tcga_pub	Colon Adenocarcinoma	1	Invasive	0	0	1	MSS	1	CIMP.L	0	LIVING	MALE	T3	2 - transverse colon	1	Transverse Colon	Stage IV	3
TCGA-AA-A00F	TCGA-AA-A00F-01	coadread_tcga_pub	Colon Adenocarcinoma	1	CIN	0	0	1	MSS	1	Cluster3	34	LIVING	MALE	T3	3 - left colon	1	Sigmoid Colon	Stage IIIC	3
TCGA-AA-A00L	TCGA-AA-A00L-01	coadread_tcga_pub	Colon Adenocarcinoma	1	CIN	0	0	1	MSS	1	Cluster3	16.99	LIVING	MALE	T3	2 - transverse colon	1	Transverse Colon	Stage IIA	3
TCGA-AA-A00O	TCGA-AA-A00O-01	coadread_tcga_pub	Colon Adenocarcinoma	1	CIN	0	0	1	MSI-L	1	Cluster4	27.01	LIVING	FEMALE	T3	3 - left colon	1	Sigmoid Colon	Stage IIIC	3
TCGA-AA-A00Q	TCGA-AA-A00Q-01	coadread_tcga_pub	Colon Adenocarcinoma	1	CIN	0	0	1	MSS	1	CIMP.L	27.01	LIVING	FEMALE		3 - left colon	1	Sigmoid Colon	Stage IIIB	3
TCGA-AA-A00W	TCGA-AA-A00W-01	coadread_tcga_pub	Colon Adenocarcinoma	1	Invasive	0	0	1	MSS	1	Cluster3	14.98	LIVING	MALE	T1	3 - left colon	1	Sigmoid Colon	Stage I	3
TCGA-AA-A00Z	TCGA-AA-A00Z-01	coadread_tcga_pub	Colon Adenocarcinoma	1	CIN	0	0	1	MSS	1	Cluster4	21.98	LIVING	MALE	T3	3 - left colon	1	Sigmoid Colon	Stage IIA	3
TCGA-AA-A01F	TCGA-AA-A01F-01	coadread_tcga_pub	Colon Adenocarcinoma	1	CIN	0	0	1	MSS	1	Cluster3	13.01	LIVING	MALE	T3	3 - left colon	1	Sigmoid Colon	Stage IIIB	3
TCGA-AA-A02F	TCGA-AA-A02F-01	coadread_tcga_pub	Colon Adenocarcinoma	1	CIN	0	0	1	MSS	1	Cluster4	39.92	LIVING	FEMALE	T3	3 - left colon	1	Sigmoid Colon	Stage IV	3
TCGA-AA-A02H	TCGA-AA-A02H-01	coadread_tcga_pub	Colon Adenocarcinoma	1	CIN	0	0	1	MSS	1	Cluster3	2	DECEASED	FEMALE	T3	3 - left colon	1	Sigmoid Colon	Stage IV	3
TCGA-AG-3581	TCGA-AG-3581-01	coadread_tcga_pub	Rectal Adenocarcinoma	1	Invasive	0	0	1	MSS	1	Cluster3	1.02	LIVING	MALE	T2	4 - rectum	1	Rectum	Stage I	3
TCGA-AG-3583	TCGA-AG-3583-01	coadread_tcga_pub	Colorectal Cancer	1	Invasive	0	0	1	MSI-L	1	Cluster4	2	LIVING	MALE	T3	4 - rectum	1	Rectum	Stage IV	3
TCGA-AG-3593	TCGA-AG-3593-01	coadread_tcga_pub	Rectal Adenocarcinoma	1	CIN	0	0	1	MSS	1	Cluster3	0	LIVING	FEMALE	T3	4 - rectum	1	Rectum	Stage IIA	3
TCGA-AG-3602	TCGA-AG-3602-01	coadread_tcga_pub	Rectal Adenocarcinoma	1	Invasive	0	0	1	MSS	1	Cluster3	0	LIVING	FEMALE	T3	4 - rectum	1	Rectum	Stage IIIC	3
TCGA-AG-3608	TCGA-AG-3608-01	coadread_tcga_pub	Rectal Adenocarcinoma	1	Invasive	0	0	1	Not Evaluable	1	CIMP.L	0	LIVING	FEMALE	T3	4 - rectum	1	Rectum	Stage IIA	3
TCGA-AG-3609	TCGA-AG-3609-01	coadread_tcga_pub	Rectal Adenocarcinoma	1	MSI/CIMP	0	0	1	MSS	1	Cluster4	0	LIVING	FEMALE	T3	4 - rectum	1	Rectum	Stage IIIC	3
TCGA-AG-3611	TCGA-AG-3611-01	coadread_tcga_pub	Rectal Adenocarcinoma	1	Invasive	0	0	1	MSS	1	Cluster3	0	LIVING	MALE	T3	4 - rectum	1	Rectum	Stage IIA	3
TCGA-AG-3727	TCGA-AG-3727-01	coadread_tcga_pub	Rectal Adenocarcinoma	1	CIN	0	0	1	MSS	1	Cluster3	0.95	LIVING	FEMALE	T3	4 - rectum	1	Rectum	Stage IIIB	3
TCGA-AG-3882	TCGA-AG-3882-01	coadread_tcga_pub	Rectal Adenocarcinoma	1	CIN	0	0	1	MSS	1	Cluster4	0	LIVING	FEMALE	T2	4 - rectum	1	Rectum	Stage I	3
TCGA-AG-3890	TCGA-AG-3890-01	coadread_tcga_pub	Rectal Adenocarcinoma	1	CIN	0	0	1	MSS	1	Cluster3	0	LIVING	MALE	T2	4 - rectum	1	Rectum	Stage I	3
TCGA-AG-3893	TCGA-AG-3893-01	coadread_tcga_pub	Rectal Adenocarcinoma	1	CIN	0	0	1	MSS	1	Cluster4	0.99	LIVING	MALE	T3	4 - rectum	1	Rectum	Stage IIIB	3
TCGA-AG-3896	TCGA-AG-3896-01	coadread_tcga_pub	Rectal Adenocarcinoma	1	CIN	0	0	1	MSS	1	Cluster3	0	LIVING	FEMALE	T2	4 - rectum	1	Rectum	Stage I	3
TCGA-AG-3898	TCGA-AG-3898-01	coadread_tcga_pub	Rectal Adenocarcinoma	1	CIN	0	0	1	MSS	1	Cluster3	0	LIVING	MALE	T3	4 - rectum	1	Rectum	Stage IIA	3
TCGA-AG-3909	TCGA-AG-3909-01	coadread_tcga_pub	Rectal Adenocarcinoma	1	CIN	0	0	1	MSS	1	Cluster3	0	LIVING	FEMALE	T3	4 - rectum	1	Rectum	Stage IIIB	3
TCGA-AG-4001	TCGA-AG-4001-01	coadread_tcga_pub	Rectal Adenocarcinoma	1	CIN	0	0	1	MSI-L	1	Cluster4	1.02	LIVING	FEMALE	T3	4 - rectum	1	Rectum	Stage IIA	3
TCGA-AG-A008	TCGA-AG-A008-01	coadread_tcga_pub	Colorectal Cancer	1	Invasive	0	0	1	MSS	1	Cluster4	13.9	LIVING	FEMALE	T2	4 - rectum	1	Rectum	Stage I	3
TCGA-AG-A00C	TCGA-AG-A00C-01	coadread_tcga_pub	Rectal Adenocarcinoma	1	Invasive	0	0	1	MSS	1	Cluster3	6.01	LIVING	FEMALE	T3	4 - rectum	1	Rectum	Stage IIIB	3
TCGA-AG-A015	TCGA-AG-A015-01	coadread_tcga_pub	Rectal Adenocarcinoma	1	Invasive	0	0	1	MSS	1	Cluster3	13.01	LIVING	FEMALE	T1	4 - rectum	1	Rectum	Stage I	3
TCGA-AG-A01L	TCGA-AG-A01L-01	coadread_tcga_pub	Rectal Adenocarcinoma	1	Invasive	0	0	1	MSS	1	Cluster3	11.99	LIVING	MALE	T3	4 - rectum	1	Rectum	Stage IIIB	3
TCGA-AG-A02G	TCGA-AG-A02G-01	coadread_tcga_pub	Rectal Adenocarcinoma	1	CIN	0	0	1	MSS	1	Cluster4	38.9	DECEASED	MALE	T2	4 - rectum	1	Rectum	Stage IV	3
TCGA-AG-A02X	TCGA-AG-A02X-01	coadread_tcga_pub	Rectal Adenocarcinoma	1	Invasive	0	0	1	MSS	1	CIMP.H	40.94	LIVING	MALE	T2	4 - rectum	1	Rectum	Stage I	3
TCGA-AG-A032	TCGA-AG-A032-01	coadread_tcga_pub	Rectal Adenocarcinoma	1	CIN	0	0	1	MSS	1	Cluster4	37.98	LIVING	MALE	T3	4 - rectum	1	Rectum	Stage IIIB	3
TCGA-AY-4071	TCGA-AY-4071-01	coadread_tcga_pub	Colorectal Cancer	1	CIN	0	0	1	MSS	1	Cluster3	0.95	DECEASED	FEMALE	T1		1		Stage I	3
TCGA-AA-A01X	TCGA-AA-A01X-01	coadread_tcga_pub	Colon Adenocarcinoma	1		0	0	0	MSS	1	Cluster3	25.99	LIVING	FEMALE	T2	3 - left colon	1	Sigmoid Colon	Stage IIIA	3
TCGA-A6-2672	TCGA-A6-2672-01	coadread_tcga_pub	Colon Adenocarcinoma	1	MSI/CIMP	1	1	1	MSI-H	1	CIMP.H	16.53	LIVING	FEMALE	T3	2 - transverse colon	1	Transverse Colon	Stage IIIB	2a
TCGA-A6-2676	TCGA-A6-2676-01	coadread_tcga_pub	Colorectal Cancer	1	MSI/CIMP	1	1	1	MSI-H	1	CIMP.H	14.69	LIVING	FEMALE		1 - right colon	1	Cecum	Stage IIB	2a
TCGA-AA-3516	TCGA-AA-3516-01	coadread_tcga_pub	Colorectal Cancer	1	MSI/CIMP	1	1	1	MSI-H	1	CIMP.H	0	LIVING	FEMALE	T3	1 - right colon	1	Ascending Colon	Stage IIIB	2a
TCGA-AA-3518	TCGA-AA-3518-01	coadread_tcga_pub	Colon Adenocarcinoma	1	MSI/CIMP	1	1	1	MSI-H	1	CIMP.H	1.02	LIVING	FEMALE	T3	1 - right colon	1	Cecum	Stage IIA	2a
TCGA-AA-3525	TCGA-AA-3525-01	coadread_tcga_pub	Colon Adenocarcinoma	1	MSI/CIMP	1	1	1	MSI-H	1	CIMP.H	0	LIVING	MALE	T3	1 - right colon	1	Hepatic Flexure	Stage IIIB	2a
TCGA-AA-3554	TCGA-AA-3554-01	coadread_tcga_pub	Colon Adenocarcinoma	1	MSI/CIMP	1	0	1	MSI-H	1	Cluster4	0	LIVING	FEMALE	T3	1 - right colon	1	Ascending Colon	Stage IIA	2a
TCGA-AA-3555	TCGA-AA-3555-01	coadread_tcga_pub	Colorectal Cancer	1	MSI/CIMP	1	0	1	MSS	1	CIMP.L	0.99	LIVING	FEMALE	T3	1 - right colon	1	Hepatic Flexure	Stage IIA	2a
TCGA-AA-3672	TCGA-AA-3672-01	coadread_tcga_pub	Colon Adenocarcinoma	1	MSI/CIMP	1	1	1	MSI-H	1	CIMP.H	0	LIVING	FEMALE	T3	2 - transverse colon	1	Transverse Colon	Stage IIIB	2a
TCGA-AA-3710	TCGA-AA-3710-01	coadread_tcga_pub	Colon Adenocarcinoma	1	MSI/CIMP	1	1	1	MSI-H	1	CIMP.H	1.02	LIVING	FEMALE	T3	1 - right colon	1	Hepatic Flexure	Stage IIA	2a
TCGA-AA-3821	TCGA-AA-3821-01	coadread_tcga_pub	Colorectal Cancer	1	MSI/CIMP	1	1	1	MSI-H	1	CIMP.H	0	LIVING	FEMALE	T2	1 - right colon	1	Hepatic Flexure	Stage I	2a
TCGA-AA-3833	TCGA-AA-3833-01	coadread_tcga_pub	Colon Adenocarcinoma	1	MSI/CIMP	1	1	1	MSI-H	1	CIMP.H	0	LIVING	FEMALE	T3	1 - right colon	1	Ascending Colon	Stage IIA	2a
TCGA-AA-3877	TCGA-AA-3877-01	coadread_tcga_pub	Colorectal Cancer	1	MSI/CIMP	1	1	1	MSI-H	1	CIMP.H	0.99	LIVING	FEMALE	T1	2 - transverse colon	1	Transverse Colon	Stage I	2a
TCGA-AA-3947	TCGA-AA-3947-01	coadread_tcga_pub	Colorectal Cancer	1	MSI/CIMP	1	1	1	MSI-H	1	CIMP.H	0.99	LIVING	FEMALE		1 - right colon	1	Ascending Colon	Stage IIB	2a
TCGA-AA-3949	TCGA-AA-3949-01	coadread_tcga_pub	Colorectal Cancer	1	MSI/CIMP	1	1	1	MSI-H	1	CIMP.H	0.99	LIVING	FEMALE	T3	1 - right colon	1	Ascending Colon	Stage IIIB	2a
TCGA-AA-A00A	TCGA-AA-A00A-01	coadread_tcga_pub	Colon Adenocarcinoma	1	MSI/CIMP	1	0	1	MSI-H	1	CIMP.H	18	LIVING	MALE	T3	1 - right colon	1	Ascending Colon	Stage IIA	2a
TCGA-AA-A00E	TCGA-AA-A00E-01	coadread_tcga_pub	Colon Adenocarcinoma	1	MSI/CIMP	1	1	1	MSI-H	1	CIMP.H	30	LIVING	MALE	T3	1 - right colon	1	Ascending Colon	Stage IIA	2a
TCGA-AA-A00J	TCGA-AA-A00J-01	coadread_tcga_pub	Colorectal Cancer	1	MSI/CIMP	1	1	1	MSI-H	1	CIMP.H	18	LIVING	MALE		1 - right colon	1	Ascending Colon	Stage IIIB	2a
TCGA-AA-A010	TCGA-AA-A010-01	coadread_tcga_pub	Colon Adenocarcinoma	1	MSI/CIMP	1	0	1	MSI-L	1	Cluster4	20.96	LIVING	FEMALE		2 - transverse colon	1	Transverse Colon	Stage IIB	2a
TCGA-AA-A01Q	TCGA-AA-A01Q-01	coadread_tcga_pub	Colon Adenocarcinoma	1	MSI/CIMP	1	0	1	MSI-H	1	CIMP.L	1.02	LIVING	FEMALE	T3	1 - right colon	1	Ascending Colon	Stage IIA	2a
TCGA-AG-A002	TCGA-AG-A002-01	coadread_tcga_pub	Rectal Adenocarcinoma	1	MSI/CIMP	1	0	1	MSS	1	Cluster3	20.93	LIVING	MALE	T2	4 - rectum	1	Rectum	Stage I	2a
TCGA-AA-A01P	TCGA-AA-A01P-01	coadread_tcga_pub	Colon Adenocarcinoma	1		1	1	0	MSI-H	1	CIMP.H	38.04	DECEASED	FEMALE	T3	1 - right colon	1	Ascending Colon	Stage IIIB	2a
TCGA-AA-A01R	TCGA-AA-A01R-01	coadread_tcga_pub	Colorectal Cancer	1		1	0	0	MSI-H	1	CIMP.L	34.99	LIVING	MALE	T3	1 - right colon	1	Ascending Colon	Stage IIIB	2a
TCGA-AA-3527	TCGA-AA-3527-01	coadread_tcga_pub	Colon Adenocarcinoma	1	CIN	0	0	1	MSS	1	CIMP.L	0	LIVING	FEMALE	T3	1 - right colon	1	Cecum	Stage IIA	2a
TCGA-AA-3680	TCGA-AA-3680-01	coadread_tcga_pub	Colon Adenocarcinoma	1	Invasive	0	0	1	MSI-L	1	CIMP.L	0	LIVING	FEMALE		1 - right colon	1	Cecum	Stage IV	2a
TCGA-AA-3684	TCGA-AA-3684-01	coadread_tcga_pub	Colorectal Cancer	1	MSI/CIMP	0	0	1	MSS	1	CIMP.L	0	LIVING	FEMALE		1 - right colon	1	Cecum	Stage IV	2a
TCGA-AA-3831	TCGA-AA-3831-01	coadread_tcga_pub	Colon Adenocarcinoma	1	Invasive	0	0	1	MSS	1	CIMP.L	0	LIVING	MALE	T3	3 - left colon	1	Sigmoid Colon	Stage IIA	2a
TCGA-AA-3845	TCGA-AA-3845-01	coadread_tcga_pub	Colorectal Cancer	1	MSI/CIMP	1	1	1	MSI-H	1	CIMP.H	0	DECEASED	FEMALE	T3	1 - right colon	1	Ascending Colon	Stage IIA	2a
TCGA-AA-3864	TCGA-AA-3864-01	coadread_tcga_pub	Colon Adenocarcinoma	1	MSI/CIMP	1	0	1	MSI-H	1	Cluster3	0	LIVING	MALE	T3	1 - right colon	1	Cecum	Stage IIA	2a
TCGA-AA-3977	TCGA-AA-3977-01	coadread_tcga_pub	Colon Adenocarcinoma	1	MSI/CIMP	1	0	1	MSS	1	Cluster3	1.02	LIVING	MALE	T2	3 - left colon	1	Sigmoid Colon		2a
TCGA-AA-3994	TCGA-AA-3994-01	coadread_tcga_pub	Colorectal Cancer	1	MSI/CIMP	0	0	1	MSS	1	CIMP.H	0	LIVING	MALE	T3	2 - transverse colon	1	Transverse Colon	Stage IIIB	2a
TCGA-AA-A00N	TCGA-AA-A00N-01	coadread_tcga_pub	Colorectal Cancer	1	MSI/CIMP	1	0	1	MSI-L	1	Cluster4	4.01	DECEASED	MALE		1 - right colon	1	Cecum	Stage IIB	2a
TCGA-AA-A024	TCGA-AA-A024-01	coadread_tcga_pub	Colorectal Cancer	1	Invasive	0	0	1	MSI-L	1	Cluster3	39.03	DECEASED	MALE	T3	3 - left colon	1	Descending Colon	Stage IIA	2a
TCGA-AG-3878	TCGA-AG-3878-01	coadread_tcga_pub	Rectal Adenocarcinoma	1	MSI/CIMP	0	0	1	MSS	1	CIMP.L	0.99	LIVING	MALE	T2	4 - rectum	1	Rectum	Stage I	2a
TCGA-AG-3892	TCGA-AG-3892-01	coadread_tcga_pub	Rectal Adenocarcinoma	1	Invasive	1	0	1	MSS	1	Cluster4	1.02	LIVING	FEMALE	T1	4 - rectum	1	Rectum	Stage I	2a
TCGA-AG-3901	TCGA-AG-3901-01	coadread_tcga_pub	Colorectal Cancer	1	MSI/CIMP	0	0	1	MSS	1	Cluster3	0	LIVING	FEMALE	T3	4 - rectum	1	Rectum	Stage IIIB	2a
TCGA-AG-A025	TCGA-AG-A025-01	coadread_tcga_pub	Rectal Adenocarcinoma	1	Invasive	0	0	1	MSS	1	Cluster3	49.9	LIVING	FEMALE	T1	4 - rectum	1	Rectum	Stage I	2a
TCGA-AA-A01V	TCGA-AA-A01V-01	coadread_tcga_pub	Colon Adenocarcinoma	1		0	0	0	MSS	1	CIMP.L	34.99	LIVING	MALE	T2	1 - right colon	1	Cecum	Stage I	2a
TCGA-A6-2674	TCGA-A6-2674-01	coadread_tcga_pub	Colorectal Cancer	1	MSI/CIMP	0	0	1	MSS	1	Cluster4	17.18	LIVING	MALE	T3	3 - left colon	1	Sigmoid Colon	Stage IV	2b
TCGA-A6-2678	TCGA-A6-2678-01	coadread_tcga_pub	Colon Adenocarcinoma	1	Invasive	0	0	1	MSS	1	Cluster3	14.36	LIVING	FEMALE	T3	2 - transverse colon	1	Transverse Colon	Stage IIIB	2b
TCGA-AA-3520	TCGA-AA-3520-01	coadread_tcga_pub	Colon Adenocarcinoma	1	Invasive	0	0	1	MSI-L	1	Cluster3	0	LIVING	FEMALE	T3	1 - right colon	1	Ascending Colon	Stage IIA	2b
TCGA-AA-3522	TCGA-AA-3522-01	coadread_tcga_pub	Colon Adenocarcinoma	1	Invasive	0	0	1	MSS	1	CIMP.L	0	LIVING	MALE	T3	1 - right colon	1	Ascending Colon	Stage IIA	2b
TCGA-AA-3534	TCGA-AA-3534-01	coadread_tcga_pub	Colon Adenocarcinoma	1	CIN	0	0	1	MSS	1	Cluster3	0	LIVING	FEMALE	T3	1 - right colon	1	Ascending Colon	Stage IIA	2b
TCGA-AA-3681	TCGA-AA-3681-01	coadread_tcga_pub	Colon Adenocarcinoma	1	MSI/CIMP	0	0	1	MSS	1	CIMP.L	0	LIVING	FEMALE	T3	1 - right colon	1	Cecum	Stage IIIB	2b
TCGA-AA-3696	TCGA-AA-3696-01	coadread_tcga_pub	Colon Adenocarcinoma	1	CIN	0	0	1	MSS	1	Cluster4	0	LIVING	FEMALE	T3	3 - left colon	1	Sigmoid Colon	Stage IV	2b
TCGA-AA-3812	TCGA-AA-3812-01	coadread_tcga_pub	Colon Adenocarcinoma	1	MSI/CIMP	0	0	1	MSS	1	Cluster4	0	LIVING	FEMALE	T3	3 - left colon	1	Sigmoid Colon	Stage IIA	2b
TCGA-AA-3818	TCGA-AA-3818-01	coadread_tcga_pub	Colon Adenocarcinoma	1	Invasive	0	0	1	MSS	1	CIMP.L	0.99	DECEASED	FEMALE	T3	1 - right colon	1	Hepatic Flexure	Stage IIA	2b
TCGA-AA-3837	TCGA-AA-3837-01	coadread_tcga_pub	Colorectal Cancer	1	CIN	0	0	1	MSS	1	CIMP.H	1.02	LIVING	MALE	T3	1 - right colon	1	Hepatic Flexure	Stage IIA	2b
TCGA-AA-3875	TCGA-AA-3875-01	coadread_tcga_pub	Colon Adenocarcinoma	1	CIN	0	0	1	MSS	1	Cluster3	0	LIVING	FEMALE	T1	1 - right colon	1	Ascending Colon	Stage I	2b
TCGA-AA-3930	TCGA-AA-3930-01	coadread_tcga_pub	Colon Adenocarcinoma	1	MSI/CIMP	0	0	1	MSI-L	1	CIMP.L	0	LIVING	MALE	T3	1 - right colon	1	Ascending Colon	Stage IV	2b
TCGA-AA-3939	TCGA-AA-3939-01	coadread_tcga_pub	Colon Adenocarcinoma	1	Invasive	0	0	1	MSS	1	Cluster3	0.99	LIVING	MALE	T3	1 - right colon	1	Ascending Colon	Stage IIA	2b
TCGA-AA-3952	TCGA-AA-3952-01	coadread_tcga_pub	Colon Adenocarcinoma	1	MSI/CIMP	0	0	1	MSS	1	Cluster4	2	DECEASED	MALE	T3	3 - left colon	1	Descending Colon	Stage IIIC	2b
TCGA-AA-3986	TCGA-AA-3986-01	coadread_tcga_pub	Colon Adenocarcinoma	1	Invasive	0	0	1	MSS	1	Cluster3	0.99	LIVING	MALE	T2	2 - transverse colon	1	Transverse Colon	Stage I	2b
TCGA-AA-A01I	TCGA-AA-A01I-01	coadread_tcga_pub	Colon Adenocarcinoma	1	Invasive	0	0	1	MSS	1	CIMP.L	11.99	LIVING	MALE	T2	3 - left colon	1	Sigmoid Colon	Stage I	2b
TCGA-AG-3599	TCGA-AG-3599-01	coadread_tcga_pub	Colorectal Cancer	1	Invasive	0	0	1	MSS	1	CIMP.L	0.99	LIVING	MALE	T2	4 - rectum	1	Rectum	Stage I	2b
TCGA-AG-3605	TCGA-AG-3605-01	coadread_tcga_pub	Rectal Adenocarcinoma	1	Invasive	0	0	1	MSS	1	CIMP.L	0	LIVING	FEMALE	T3	4 - rectum	1	Rectum	Stage IV	2b
TCGA-AG-3894	TCGA-AG-3894-01	coadread_tcga_pub	Rectal Adenocarcinoma	1	CIN	0	0	1	MSS	1	Cluster3	0.99	LIVING	MALE	T3	4 - rectum	1	Rectum	Stage IIA	2b
TCGA-AA-3514	TCGA-AA-3514-01	coadread_tcga_pub	Colon Adenocarcinoma	1	MSI/CIMP	0	0	1	MSS	1	Cluster3	0	LIVING	FEMALE	T2	1 - right colon	1	Ascending Colon	Stage I	2b
TCGA-AA-3543	TCGA-AA-3543-01	coadread_tcga_pub	Colorectal Cancer	1	MSI/CIMP	1	1	1	MSI-H	1	CIMP.H	0	LIVING	MALE	T2	1 - right colon	1	Cecum	Stage I	2b
TCGA-AA-3556	TCGA-AA-3556-01	coadread_tcga_pub	Colorectal Cancer	1	MSI/CIMP	0	0	1	MSS	1	CIMP.L	0	LIVING	MALE	T2	3 - left colon	1	Sigmoid Colon	Stage I	2b
TCGA-AA-3558	TCGA-AA-3558-01	coadread_tcga_pub	Colon Adenocarcinoma	1	Invasive	0	0	1	MSS	1	CIMP.L	0	LIVING	MALE	T2	3 - left colon	1	Sigmoid Colon		2b
TCGA-AA-3664	TCGA-AA-3664-01	coadread_tcga_pub	Colon Adenocarcinoma	1	MSI/CIMP	0	1	1	MSS	1	CIMP.H	0	LIVING	FEMALE	T3	1 - right colon	1	Cecum	Stage IIA	2b
TCGA-AA-3715	TCGA-AA-3715-01	coadread_tcga_pub	Colon Adenocarcinoma	1	MSI/CIMP	1	1	1	MSI-H	1	CIMP.H	0.99	LIVING	MALE	T3	1 - right colon	1	Ascending Colon	Stage IIA	2b
TCGA-AA-3852	TCGA-AA-3852-01	coadread_tcga_pub	Colorectal Cancer	1	MSI/CIMP	0	0	1	MSI-L	1	CIMP.L	0	DECEASED	MALE	T3	2 - transverse colon	1	Transverse Colon	Stage IIA	2b
TCGA-AA-3854	TCGA-AA-3854-01	coadread_tcga_pub	Colorectal Cancer	1	Invasive	0	0	1	MSI-L	1	CIMP.L	1.02	LIVING	FEMALE	T2	3 - left colon	1	Sigmoid Colon	Stage I	2b
TCGA-AA-3870	TCGA-AA-3870-01	coadread_tcga_pub	Colon Adenocarcinoma	1	MSI/CIMP	0	0	1	MSS	1	CIMP.H	0	LIVING	FEMALE	T3	1 - right colon	1	Ascending Colon	Stage IV	2b
TCGA-AA-3966	TCGA-AA-3966-01	coadread_tcga_pub	Colorectal Cancer	1	MSI/CIMP	1	1	1	MSI-H	1	CIMP.L	1.02	LIVING	FEMALE	T3	1 - right colon	1	Hepatic Flexure	Stage IIA	2b
TCGA-AA-3984	TCGA-AA-3984-01	coadread_tcga_pub	Colon Adenocarcinoma	1	Invasive	1	0	1	MSS	1	Cluster4	0	LIVING	FEMALE	T3	3 - left colon	1	Sigmoid Colon	Stage IIA	2b
TCGA-AA-A00K	TCGA-AA-A00K-01	coadread_tcga_pub	Colon Adenocarcinoma	1	Invasive	0	0	1	MSI-L	1	Cluster3	18	LIVING	MALE	T3	3 - left colon	1	Sigmoid Colon	Stage IIA	2b
TCGA-AA-A00R	TCGA-AA-A00R-01	coadread_tcga_pub	Colon Adenocarcinoma	1	MSI/CIMP	1	1	1	MSI-H	1	CIMP.L	0.99	LIVING	FEMALE	T2	1 - right colon	1	Cecum	Stage I	2b
TCGA-AA-A01D	TCGA-AA-A01D-01	coadread_tcga_pub	Colorectal Cancer	1	MSI/CIMP	0	0	1	MSS	1	CIMP.L	0.99	LIVING	FEMALE	T3	3 - left colon	1	Sigmoid Colon	Stage IIIC	2b
TCGA-AA-A029	TCGA-AA-A029-01	coadread_tcga_pub	Colon Adenocarcinoma	1	Invasive	0	0	1	MSI-L	1	CIMP.H	51.91	LIVING	MALE	T3	1 - right colon	1	Cecum	Stage IIA	2b
TCGA-AG-3586	TCGA-AG-3586-01	coadread_tcga_pub	Colorectal Cancer	1	Invasive	0	0	1	MSS	1	Cluster3	0	LIVING	FEMALE	T3	4 - rectum	1	Rectum	Stage IIIB	2b
TCGA-AG-3594	TCGA-AG-3594-01	coadread_tcga_pub	Colorectal Cancer	1	MSI/CIMP	0	0	1	MSS	1	Cluster3	0	LIVING	MALE	T3	4 - rectum	1	Rectum	Stage IIA	2b
TCGA-AG-3881	TCGA-AG-3881-01	coadread_tcga_pub	Colorectal Cancer	1	MSI/CIMP	0	0	1	MSS	1	CIMP.L	0	LIVING	FEMALE	T3	4 - rectum	1	Rectum	Stage IIA	2b
TCGA-AG-3902	TCGA-AG-3902-01	coadread_tcga_pub	Rectal Adenocarcinoma	1	MSI/CIMP	0	0	1	MSS	1	CIMP.L	0	LIVING	MALE	T3	4 - rectum	1	Rectum	Stage IIA	2b
TCGA-AA-3526	TCGA-AA-3526-01	coadread_tcga_pub	Colon Adenocarcinoma	1	MSI/CIMP	0	0	1	MSI-L	1	Cluster3	0.99	LIVING	MALE	T2	3 - left colon	1	Sigmoid Colon	Stage I	
TCGA-AA-3542	TCGA-AA-3542-01	coadread_tcga_pub	Colon Adenocarcinoma	1	CIN	0	0	1	MSS	1	Cluster4	0	LIVING	MALE	T3	3 - left colon	1	Sigmoid Colon	Stage IIIC	
TCGA-AA-3548	TCGA-AA-3548-01	coadread_tcga_pub	Colon Adenocarcinoma	1	CIN	0	0	1	MSS	1	Cluster3	0	LIVING	FEMALE	T3	1 - right colon	1	Cecum	Stage IIIC	
TCGA-AA-3685	TCGA-AA-3685-01	coadread_tcga_pub	Colon Adenocarcinoma	1	Invasive	0	0	1	MSS	1	Cluster4	0.99	LIVING	MALE	T3	3 - left colon	1	Sigmoid Colon	Stage IIA	
TCGA-AA-3695	TCGA-AA-3695-01	coadread_tcga_pub	Colon Adenocarcinoma	1	CIN	0	0	1	MSS	1	CIMP.L	0	LIVING	FEMALE	T3	1 - right colon	1	Cecum	Stage IV	
TCGA-AF-2689	TCGA-AF-2689-01	coadread_tcga_pub	Rectal Adenocarcinoma	1	CIN	0	0	1	MSS	1	CIMP.L	15.84	LIVING	FEMALE	T3	4 - rectum	1	Rectosigmoid Junction	Stage IV	
TCGA-AF-2691	TCGA-AF-2691-01	coadread_tcga_pub	Rectal Adenocarcinoma	1	Invasive	0	0	1	MSS	1	CIMP.L	10.61	LIVING	FEMALE	T1	4 - rectum	1	Rectum	Stage I	
TCGA-AF-2692	TCGA-AF-2692-01	coadread_tcga_pub	Colorectal Cancer	1	CIN	0	0	1	MSS	1	Cluster4	13.54	LIVING	FEMALE	T3	4 - rectum	1		Stage IIA	
TCGA-AF-3400	TCGA-AF-3400-01	coadread_tcga_pub	Colorectal Cancer	1	MSI/CIMP	0	0	1	MSS	1	Cluster4	12.71	LIVING	MALE	T3	4 - rectum	1	Rectosigmoid Junction	Stage IIA	
TCGA-AG-3574	TCGA-AG-3574-01	coadread_tcga_pub	Rectal Adenocarcinoma	1	CIN	0	0	1	MSS	1	Cluster3	0	LIVING	FEMALE	T3	4 - rectum	1	Rectum	Stage IIA	
TCGA-AG-3575	TCGA-AG-3575-01	coadread_tcga_pub	Rectal Adenocarcinoma	1	MSI/CIMP	0	0	1	MSS	1	CIMP.H	0	LIVING	MALE	T3	4 - rectum	1	Rectum	Stage IIA	
TCGA-AG-3578	TCGA-AG-3578-01	coadread_tcga_pub	Colorectal Cancer	1	Invasive	0	0	1	MSS	1	Cluster3	0	LIVING	FEMALE	T3	4 - rectum	1	Rectum	Stage IIA	
TCGA-AG-3580	TCGA-AG-3580-01	coadread_tcga_pub	Rectal Adenocarcinoma	1	Invasive	0	0	1	MSS	1	Cluster3	0	LIVING	MALE	T1	4 - rectum	1	Rectum	Stage I	
TCGA-A6-2671	TCGA-A6-2671-01	coadread_tcga_pub	Colon Adenocarcinoma	1				0	MSS	0		21.29	LIVING	MALE	T3	3 - left colon	0	Sigmoid Colon	Stage IV	
TCGA-A6-2679	TCGA-A6-2679-01	coadread_tcga_pub	Colon Adenocarcinoma	1				0	MSS	0		19.55	LIVING	FEMALE	T3	1 - right colon	0	Ascending Colon	Stage IIB	
TCGA-A6-2680	TCGA-A6-2680-01	coadread_tcga_pub	Colon Adenocarcinoma	1				0	MSS	0		17.15	LIVING	FEMALE	T3	1 - right colon	0	Hepatic Flexure	Stage IIA	
TCGA-A6-2681	TCGA-A6-2681-01	coadread_tcga_pub	Colon Adenocarcinoma	1				0	MSS	0		18.14	LIVING	FEMALE	T3	1 - right colon	0	Cecum	Stage IIA	
TCGA-A6-2682	TCGA-A6-2682-01	coadread_tcga_pub	Colon Adenocarcinoma	1				0	MSS	0		13.93	DECEASED	MALE	T4b	1 - right colon	0	Cecum	Stage IV	
TCGA-A6-2684	TCGA-A6-2684-01	coadread_tcga_pub	Colon Adenocarcinoma	1				0	MSI-L	0		12.71	LIVING	FEMALE	T2	1 - right colon	0	Cecum	Stage I	
TCGA-A6-2685	TCGA-A6-2685-01	coadread_tcga_pub	Colon Adenocarcinoma	1				0	MSS	0		15.24	LIVING	FEMALE	T3	3 - left colon	0	Sigmoid Colon	Stage IIA	
TCGA-A6-2686	TCGA-A6-2686-01	coadread_tcga_pub	Colon Adenocarcinoma	1				0	MSI-H	0		16.03	LIVING	FEMALE	T3	1 - right colon	0	Cecum	Stage IIA	
TCGA-A6-3808	TCGA-A6-3808-01	coadread_tcga_pub	Colorectal Cancer	0	MSI/CIMP	0	0	1	MSI-L	1	Cluster3	9.13	LIVING	MALE	T3	1 - right colon	1	Cecum	Stage IIA	
TCGA-A6-3809	TCGA-A6-3809-01	coadread_tcga_pub	Colorectal Cancer	0	MSI/CIMP		1	1	MSI-H	1	CIMP.H	10.28	LIVING	FEMALE		2 - transverse colon	0	Transverse Colon	Stage IIB	
TCGA-A6-3810	TCGA-A6-3810-01	coadread_tcga_pub	Colon Adenocarcinoma	0	MSI/CIMP	0	0	1	MSS	1	Cluster4	8.08	LIVING	MALE	T3	3 - left colon	1	Sigmoid Colon	Stage IIA	
TCGA-A6-4107	TCGA-A6-4107-01	coadread_tcga_pub	Colon Adenocarcinoma	1				0	MSS	0		7.59	LIVING	FEMALE	T3	1 - right colon	0	Ascending Colon	Stage IIIB	
TCGA-AA-3488	TCGA-AA-3488-01	coadread_tcga_pub	Colon Adenocarcinoma	1				0	MSS	0		4.99	DECEASED	MALE	T3	3 - left colon	0	Sigmoid Colon	Stage IV	
TCGA-AA-3492	TCGA-AA-3492-01	coadread_tcga_pub	Colon Adenocarcinoma	1				0	MSI-H	0		0	LIVING	FEMALE	T3	1 - right colon	0	Ascending Colon	Stage IIA	
TCGA-AA-3494	TCGA-AA-3494-01	coadread_tcga_pub	Colon Adenocarcinoma	1				0	MSS	0		1.02	LIVING	MALE	T3	3 - left colon	0	Sigmoid Colon	Stage IV	
TCGA-AA-3495	TCGA-AA-3495-01	coadread_tcga_pub	Colon Adenocarcinoma	1				0	MSS	0		1.02	LIVING	MALE	T2	1 - right colon	0	Hepatic Flexure	Stage I	
TCGA-AA-3502	TCGA-AA-3502-01	coadread_tcga_pub	Colon Adenocarcinoma	1				0	MSI-L	0		1.02	LIVING	MALE	T2	2 - transverse colon	0	Transverse Colon	Stage I	
TCGA-AA-3506	TCGA-AA-3506-01	coadread_tcga_pub	Colon Adenocarcinoma	1				0	MSS	0		0	LIVING	MALE	T2	1 - right colon	0	Hepatic Flexure	Stage I	
TCGA-AA-3509	TCGA-AA-3509-01	coadread_tcga_pub	Colon Adenocarcinoma	0				0	MSS	0		0	LIVING	FEMALE	T3	3 - left colon	0	Sigmoid Colon	Stage IIA	
TCGA-AA-3510	TCGA-AA-3510-01	coadread_tcga_pub	Colon Adenocarcinoma	1				0	MSS	0		1.02	LIVING	MALE	T3	2 - transverse colon	0	Transverse Colon	Stage IIA	
TCGA-AA-3675	TCGA-AA-3675-01	coadread_tcga_pub	Colon Adenocarcinoma	1			0	0	MSS	1	CIMP.L	1.02	LIVING	MALE	T3	1 - right colon	0	Hepatic Flexure	Stage IIA	
TCGA-AA-3811	TCGA-AA-3811-01	coadread_tcga_pub	Colon Adenocarcinoma	0	MSI/CIMP	1	1	1	MSI-H	1	Cluster4	0.99	LIVING	FEMALE	T3	1 - right colon	1	Hepatic Flexure	Stage IIIB	
TCGA-AA-3815	TCGA-AA-3815-01	coadread_tcga_pub	Colon Adenocarcinoma	0	MSI/CIMP		1	1	MSI-H	1	CIMP.H	0	LIVING	FEMALE	T3	1 - right colon	0	Cecum	Stage IIA	
TCGA-AA-3841	TCGA-AA-3841-01	coadread_tcga_pub	Colon Adenocarcinoma	1				0	MSS	0		0	LIVING	MALE	T3	3 - left colon	0	Sigmoid Colon	Stage IIA	
TCGA-AA-3844	TCGA-AA-3844-01	coadread_tcga_pub	Colon Adenocarcinoma	0	Invasive	0	0	1	MSS	1	Cluster3	0.92	LIVING	FEMALE	T3	3 - left colon	1	Sigmoid Colon	Stage IIIC	
TCGA-AA-3850	TCGA-AA-3850-01	coadread_tcga_pub	Colon Adenocarcinoma	0	Invasive	0	0	1	MSS	1	CIMP.L	0	DECEASED	MALE	T2	2 - transverse colon	1	Transverse Colon	Stage I	
TCGA-AA-3861	TCGA-AA-3861-01	coadread_tcga_pub	Colon Adenocarcinoma	0	Invasive		0	1	MSI-L	1	CIMP.L	0	LIVING	MALE	T3	1 - right colon	0	Cecum	Stage IIA	
TCGA-AA-3862	TCGA-AA-3862-01	coadread_tcga_pub	Colon Adenocarcinoma	0	Invasive		0	1	MSS	1	Cluster4	1.02	LIVING	MALE	T3	2 - transverse colon	0	Transverse Colon	Stage IIA	
TCGA-AA-3867	TCGA-AA-3867-01	coadread_tcga_pub	Colon Adenocarcinoma	0	CIN	0	0	1	MSS	1	Cluster4	0	LIVING	MALE	T3	3 - left colon	1	Sigmoid Colon	Stage IV	
TCGA-AA-3941	TCGA-AA-3941-01	coadread_tcga_pub	Colon Adenocarcinoma	0	Invasive	0	0	1	MSI-L	1	CIMP.H	1.02	LIVING	FEMALE		1 - right colon	1	Ascending Colon	Stage IVA	
TCGA-AA-3950	TCGA-AA-3950-01	coadread_tcga_pub	Colorectal Cancer	1	MSI/CIMP		1	1	MSI-H	1	CIMP.H	1.02	LIVING	FEMALE	T3	1 - right colon	0	Ascending Colon	Stage IIA	
TCGA-AA-3968	TCGA-AA-3968-01	coadread_tcga_pub	Colon Adenocarcinoma	1	CIN		0	1	MSS	1	Cluster3	0	LIVING	FEMALE	T2	3 - left colon	0	Sigmoid Colon	Stage I	
TCGA-AA-3970	TCGA-AA-3970-01	coadread_tcga_pub	Colon Adenocarcinoma	0			0	0	MSS	1	Cluster3	0	LIVING	MALE	T3	3 - left colon	0	Sigmoid Colon	Stage IIA	
TCGA-AA-3980	TCGA-AA-3980-01	coadread_tcga_pub	Colon Adenocarcinoma	0	Invasive	0	0	1	MSS	1	Cluster3	0	LIVING	FEMALE	T2	3 - left colon	1	Sigmoid Colon	Stage I	
TCGA-AA-3982	TCGA-AA-3982-01	coadread_tcga_pub	Colon Adenocarcinoma	0	CIN	0	0	1	MSI-L	1	Cluster3	0	LIVING	MALE	T3	3 - left colon	1	Sigmoid Colon	Stage IIIB	
TCGA-AA-A01C	TCGA-AA-A01C-01	coadread_tcga_pub	Colon Adenocarcinoma	1	CIN		0	1	MSS	1	Cluster4	15.01	LIVING	MALE	T2	1 - right colon	0	Ascending Colon	Stage IIIA	
TCGA-AA-A01T	TCGA-AA-A01T-01	coadread_tcga_pub	Colon Adenocarcinoma	1		0	0	0	MSS	1	Cluster3	33.02	LIVING	FEMALE	T3	3 - left colon	1	Sigmoid Colon	Stage IIIB	
TCGA-AA-A022	TCGA-AA-A022-01	coadread_tcga_pub	Colon Adenocarcinoma	1		1	1	0	MSI-H	1	CIMP.H	0	LIVING	FEMALE		1 - right colon	1	Cecum		
TCGA-AA-A02E	TCGA-AA-A02E-01	coadread_tcga_pub	Colon Adenocarcinoma	1	CIN		0	1	MSI-L	1	Cluster3	2.92	DECEASED	FEMALE	T3	1 - right colon	0	Cecum	Stage IV	
TCGA-AA-A02K	TCGA-AA-A02K-01	coadread_tcga_pub	Colon Adenocarcinoma	0			0	0	MSS	1	Cluster3	13.96	DECEASED	MALE		1 - right colon	0	Ascending Colon	Stage IV	
TCGA-AA-A02O	TCGA-AA-A02O-01	coadread_tcga_pub	Colon Adenocarcinoma	1		0	0	0	MSS	1	CIMP.H	0.92	LIVING	MALE	T3	2 - transverse colon	1	Transverse Colon	Stage IIA	
TCGA-AA-A02R	TCGA-AA-A02R-01	coadread_tcga_pub	Colon Adenocarcinoma	1	MSI/CIMP		1	1	MSI-H	1	CIMP.H	22.01	DECEASED	FEMALE	T3	1 - right colon	0	Cecum	Stage IIA	
TCGA-AA-A02Y	TCGA-AA-A02Y-01	coadread_tcga_pub	Colon Adenocarcinoma	1		0	0	0	MSS	1	CIMP.L	39.92	LIVING	MALE	T2	1 - right colon	1	Cecum	Stage I	
TCGA-AA-A03F	TCGA-AA-A03F-01	coadread_tcga_pub	Colorectal Cancer	1		0	0	0	MSS	1	CIMP.H	18	DECEASED	FEMALE	T3	1 - right colon	1	Cecum	Stage IIIB	
TCGA-AA-A03J	TCGA-AA-A03J-01	coadread_tcga_pub	Colon Adenocarcinoma	1		0	0	0	MSS	1	CIMP.L	40.9	LIVING	FEMALE	T2	3 - left colon	1	Sigmoid Colon	Stage I	
TCGA-AG-3728	TCGA-AG-3728-01	coadread_tcga_pub	Rectal Adenocarcinoma	1	MSI/CIMP		0	1	MSS	1	Cluster4	0	LIVING	MALE	T3	4 - rectum	0	Rectum	Stage IIIB	
TCGA-AG-3885	TCGA-AG-3885-01	coadread_tcga_pub	Rectal Adenocarcinoma	1	Invasive		0	1	MSS	1	CIMP.L	0	LIVING	FEMALE	T3	4 - rectum	0	Rectum	Stage IIIB	
TCGA-AG-4007	TCGA-AG-4007-01	coadread_tcga_pub	Rectal Adenocarcinoma	0	CIN	0	0	1	MSI-L	1	CIMP.L	1.02	LIVING	MALE		4 - rectum	1	Rectum	Stage IV	
TCGA-AG-A00Y	TCGA-AG-A00Y-01	coadread_tcga_pub	Rectal Adenocarcinoma	0	Invasive	0	0	1	MSS	1	Cluster3	23	LIVING	MALE	T3	4 - rectum	1	Rectum	Stage IIA	
TCGA-AG-A01J	TCGA-AG-A01J-01	coadread_tcga_pub	Rectal Adenocarcinoma	1	CIN		0	1	MSS	1	Cluster4	1.02	LIVING	FEMALE	T3	4 - rectum	0	Rectum	Stage IIA	
TCGA-AG-A01N	TCGA-AG-A01N-01	coadread_tcga_pub	Rectal Adenocarcinoma	1	CIN		0	1	MSS	1	Cluster4	11.99	LIVING	FEMALE	T2	4 - rectum	0	Rectum	Stage IV	
TCGA-AG-A01W	TCGA-AG-A01W-01	coadread_tcga_pub	Rectal Adenocarcinoma	1		0		0	MSS	0		69.98	LIVING	FEMALE	T3	4 - rectum	1	Rectum	Stage IIA	
TCGA-AG-A01Y	TCGA-AG-A01Y-01	coadread_tcga_pub	Rectal Adenocarcinoma	1		0		0	MSS	0		63.93	LIVING	FEMALE	T3	4 - rectum	1	Rectum	Stage IIA	
TCGA-AG-A020	TCGA-AG-A020-01	coadread_tcga_pub	Colorectal Cancer	1		0		0	MSS	0		10.97	LIVING	FEMALE	T3	4 - rectum	1	Rectum	Stage IIIB	
TCGA-AG-A023	TCGA-AG-A023-01	coadread_tcga_pub	Rectal Adenocarcinoma	1	MSI/CIMP		0	1	MSS	1	Cluster4	51.94	DECEASED	FEMALE		4 - rectum	0	Rectum	Stage IV	
TCGA-AG-A02N	TCGA-AG-A02N-01	coadread_tcga_pub	Rectal Adenocarcinoma	1		1		0	MSI-H	0		61.9	LIVING	MALE	T3	4 - rectum	1	Rectum	Stage IIA	
TCGA-AG-A036	TCGA-AG-A036-01	coadread_tcga_pub	Rectal Adenocarcinoma	0		0		0	MSS	0		72.01	LIVING	MALE	T3	4 - rectum	1	Rectum	Stage IIIB	
TCGA-AZ-4308	TCGA-AZ-4308-01	coadread_tcga_pub	Colon Adenocarcinoma	1				0	MSS	0		56.31	LIVING	FEMALE	T3	3 - left colon	0	Sigmoid Colon	Stage IIIB	
TCGA-AZ-4313	TCGA-AZ-4313-01	coadread_tcga_pub	Colon Adenocarcinoma	1				0	MSI-H	0		31.44	LIVING	FEMALE	T1	1 - right colon	0	Descending Colon	Stage I	
TCGA-AZ-4315	TCGA-AZ-4315-01	coadread_tcga_pub	Colon Adenocarcinoma	1				0	MSS	0		43.83	LIVING	MALE	T3	1 - right colon	0	Cecum	Stage IIA	
TCGA-AZ-4614	TCGA-AZ-4614-01	coadread_tcga_pub	Colon Adenocarcinoma	1				0	MSI-L	0		5.65	DECEASED	FEMALE	T4a		0		Stage IVA	
TCGA-AZ-4615	TCGA-AZ-4615-01	coadread_tcga_pub	Colon Adenocarcinoma	1				0	MSI-H	0		16.59	LIVING	MALE	T3		0		Stage IIIB	
TCGA-AZ-4681	TCGA-AZ-4681-01	coadread_tcga_pub	Colon Adenocarcinoma	1				0	MSS	0		71.62	LIVING	FEMALE	T3	1 - right colon	0	Ascending Colon	Stage IIA	
TCGA-AZ-4682	TCGA-AZ-4682-01	coadread_tcga_pub	Colon Adenocarcinoma	1				0	MSS	0		22.01	DECEASED	MALE	T3	3 - left colon	0	Sigmoid Colon	Stage IVA	
TCGA-AZ-4684	TCGA-AZ-4684-01	coadread_tcga_pub	Colon Adenocarcinoma	1				0	MSI-L	0		56.01	LIVING	MALE	T3		0		Stage IVA	
TCGA-CA-5256	TCGA-CA-5256-01	coadread_tcga_pub	Colon Adenocarcinoma	1				0	MSS	0		0	LIVING	FEMALE	T3	1 - right colon	0	Hepatic Flexure	Stage IIA	
TCGA-CK-4951	TCGA-CK-4951-01	coadread_tcga_pub	Colorectal Cancer	1				0	MSI-H	0		48.98	LIVING	FEMALE	T3	1 - right colon	0	Ascending Colon	Stage IIA	
TCGA-CM-4744	TCGA-CM-4744-01	coadread_tcga_pub	Colon Adenocarcinoma	1				0	MSS	0		7.03	LIVING	MALE	T2	1 - right colon	0	Cecum	Stage I	
TCGA-CM-4746	TCGA-CM-4746-01	coadread_tcga_pub	Colon Adenocarcinoma	1				0	MSI-H	0		22.96	LIVING	MALE	T2	3 - left colon	0	Sigmoid Colon	Stage I	
TCGA-CM-4747	TCGA-CM-4747-01	coadread_tcga_pub	Colon Adenocarcinoma	1				0	MSI-L	0		8.02	LIVING	MALE	T4a	1 - right colon	0	Cecum	Stage IVA	
TCGA-CM-4748	TCGA-CM-4748-01	coadread_tcga_pub	Colon Adenocarcinoma	1				0	MSS	0		7.03	LIVING	MALE	T4a	2 - transverse colon	0	Transverse Colon	Stage IIIB	
TCGA-CM-4750	TCGA-CM-4750-01	coadread_tcga_pub	Colon Adenocarcinoma	1				0	MSI-L	0		8.02	LIVING	FEMALE	T1		0		Stage IIIA	
TCGA-CM-4752	TCGA-CM-4752-01	coadread_tcga_pub	Colon Adenocarcinoma	1				0	MSS	0		4.04	LIVING	MALE	T3	1 - right colon	0	Ascending Colon	Stage IIA	
TCGA-CM-5341	TCGA-CM-5341-01	coadread_tcga_pub	Colon Adenocarcinoma	1				0	MSS	0		6.01	LIVING	FEMALE	T2	3 - left colon	0	Sigmoid Colon	Stage IIIA	